Luis,7.0
Pedro,7.0
Alberto,6.33333333333
Nerea,6.33333333333
Jesus,4.33333333333
Marta,4.33333333333
